Name,email_id,gender,contact_num,dob,type
Corney Shama,cshama0@123-reg.co.uk,M,838-509-2385,6/1/1973,Doctor
Fedora Hollebon,fhollebon1@ow.ly,F,234-746-6566,7/29/1974,Doctor
Ricki Kamena,rkamena2@sogou.com,F,478-936-4774,3/21/1961,Doctor
Susann Bascomb,sbascomb3@webs.com,F,845-620-7276,11/11/1982,Doctor
Jeremy Layborn,jlayborn4@umn.edu,M,999-588-1511,7/3/1999,Doctor
Kayley Lapre,klapre5@archive.org,F,732-682-8865,7/4/1991,Doctor
Ruthy MacDougal,rmacdougal6@time.com,F,257-855-5010,9/22/1985,Doctor
Ania Wolfindale,awolfindale7@unc.edu,F,773-236-5037,5/7/1996,Doctor
Garvey Heeley,gheeley8@merriam-webster.com,M,882-988-3072,8/7/1968,Doctor
Kimmi Peakman,kpeakman9@google.de,F,821-311-1117,4/18/1961,Patient
Georgeanne Pietz,gpietza@dmoz.org,F,892-438-9300,8/19/1973,Patient
Emily Henrych,ehenrychb@liveinternet.ru,F,389-590-8300,7/13/1991,Patient
Vittorio Marin,vmarinc@com.com,M,554-682-8677,9/16/1964,Patient
Zabrina Skeete,zskeeted@weather.com,F,464-373-2861,12/17/1975,Patient
Nell Bownd,nbownde@washington.edu,F,646-692-8653,5/14/1986,Patient
Daryl Wadforth,dwadforthf@comcast.net,F,369-724-9405,1/29/1961,Patient
Hakim Gabbatiss,hgabbatissg@arstechnica.com,M,561-574-7466,12/22/1995,Patient
Lonnie Garford,lgarfordh@hugedomains.com,M,165-452-8689,3/28/1967,Patient
Mattheus Crusham,mcrushami@gizmodo.com,M,851-122-7877,9/16/1997,Patient
Katrina Cranke,kcrankej@princeton.edu,F,185-585-3927,12/9/1996,Patient
Maryjo Brooksby,mbrooksbyk@ucsd.edu,F,561-389-9997,1/18/1973,Assistant
Blithe Dyerson,bdyersonl@youtu.be,F,928-938-0032,4/7/1983,Assistant
Jephthah Meuse,jmeusem@howstuffworks.com,M,505-553-0525,3/21/1999,Assistant
Weider Pruckner,wprucknern@domainmarket.com,M,723-279-0029,4/28/1963,Assistant
Miner Guion,mguiono@imdb.com,M,419-279-9381,3/23/1987,Assistant
Rolf Spurnier,rspurnierp@themeforest.net,M,451-831-1040,11/21/1987,Assistant
Celeste Itzak,citzakq@parallels.com,F,612-121-6054,4/14/1978,Assistant
Lynnett Osmant,losmantr@a8.net,F,979-575-0413,5/7/1976,Assistant
Alva Bever,abevers@domainmarket.com,M,636-759-9768,8/29/1979,Assistant
Arch Quant,aquantt@mlb.com,M,720-445-7385,12/22/1995,Assistant
Hermine Freeth,hfreethu@wiley.com,F,472-719-4271,11/20/1984,Assistant
Dory Redihough,dredihoughv@slate.com,F,993-935-7424,7/22/1981,Patient
Rolando Haversham,rhavershamw@printfriendly.com,M,876-539-3857,3/20/1963,Patient
Lorie Benedict,lbenedictx@livejournal.com,F,508-681-5778,1/3/1966,Patient
Earl Stert,esterty@nydailynews.com,M,618-294-9926,12/29/1995,Patient
Maryrose Yashnov,myashnovz@geocities.com,F,892-820-4094,10/5/1999,Patient
Celinda Shillington,cshillington10@sitemeter.com,F,533-755-5989,4/26/1991,Patient
Debra Hatley,dhatley11@prweb.com,F,280-772-8783,6/2/1988,Patient
Creighton Sutlieff,csutlieff12@opensource.org,M,340-821-8348,11/20/1966,Patient
Ravid Abrahamson,rabrahamson13@acquirethisname.com,M,721-653-7566,8/5/1972,Patient
Erhart Dauncey,edauncey14@cyberchimps.com,M,568-358-7962,1/14/1968,Patient
Jayne Arrighetti,jarrighetti15@nature.com,F,216-402-4080,3/2/1965,Patient
Kati Crabb,kcrabb16@ning.com,F,586-926-5974,2/15/1991,Patient
Lane Chatenet,lchatenet17@edublogs.org,F,726-500-5906,10/25/1995,Patient
Brandie Indruch,bindruch18@msn.com,F,134-909-9913,9/16/1985,Patient
Rodolphe Andino,randino19@noaa.gov,M,677-258-1482,3/26/1986,Patient
Eimile Downe,edowne1a@cnet.com,F,147-701-4445,3/2/2000,Patient
Carley Brunner,cbrunner1b@theglobeandmail.com,F,578-100-6761,10/15/1975,Patient
Rick Drennan,rdrennan1c@yelp.com,M,221-728-4028,7/27/1984,Patient
Therese Ruit,truit1d@jigsy.com,F,899-964-2507,3/2/1997,Patient
Noelle Flecknell,nflecknell1e@behance.net,F,272-226-9176,7/9/1994,Patient
Dania Stennes,dstennes1f@prweb.com,F,865-789-3441,2/21/1975,Patient
Janeczka Johann,jjohann1g@craigslist.org,F,360-156-8149,12/25/1960,Patient
Alano Pulham,apulham1h@springer.com,M,273-429-1724,12/26/1965,Patient
Margalo Lye,mlye1i@chicagotribune.com,F,625-629-5793,3/16/1988,Patient
Beale Gasking,bgasking1j@answers.com,M,636-593-2332,9/2/1983,Patient
Kristos Robbins,krobbins1k@linkedin.com,M,295-470-9513,10/3/1994,Patient
Brooke McAlinion,bmcalinion1l@psu.edu,M,414-566-4015,8/25/1973,Patient
Patty Claypool,pclaypool1m@latimes.com,F,443-701-8756,1/26/1965,Patient
Dougy Wones,dwones1n@hexun.com,M,379-212-2092,10/14/1994,Patient
Nero Lindbergh,nlindbergh1o@a8.net,M,611-187-5250,3/6/1975,Patient
Montague Conkey,mconkey1p@cnet.com,M,884-563-0377,9/9/1982,Patient
Cliff Ackers,cackers1q@studiopress.com,M,906-613-5140,5/7/1965,Patient
Hewett Clemendot,hclemendot1r@vkontakte.ru,M,511-870-2135,2/24/1981,Patient
Winonah Snaith,wsnaith1s@engadget.com,F,948-384-3896,9/9/1967,Patient
Easter Ranscomb,eranscomb1t@pen.io,F,760-704-8316,6/28/1986,Patient
Latrena Giannini,lgiannini1u@tuttocitta.it,F,541-944-3549,6/3/1981,Patient
Terrie Leist,tleist1v@accuweather.com,F,652-499-4772,9/20/1963,Patient
Georgianne Brixey,gbrixey1w@cloudflare.com,F,310-399-9771,9/14/1984,Patient
Nathanial Clevely,nclevely1x@usatoday.com,M,267-706-2159,1/10/1972,Patient
Odele Freed,ofreed1y@phoca.cz,F,962-856-1737,4/6/1963,Patient
Kenton Dilks,kdilks1z@marketwatch.com,M,212-834-1339,2/14/1978,Patient
Gaultiero Polgreen,gpolgreen20@tinypic.com,M,208-382-1757,10/31/1990,Patient
Abbe Southam,asoutham21@acquirethisname.com,M,894-131-1345,4/21/1989,Patient
Homere Darrington,hdarrington22@free.fr,M,792-138-7996,1/3/1985,Patient
Fanechka Cowins,fcowins23@craigslist.org,F,281-165-1140,5/28/1992,Patient
Gawain Joderli,gjoderli24@cnet.com,M,171-819-0661,12/19/1995,Patient
Wolfgang Biagini,wbiagini25@mashable.com,M,495-638-7174,12/16/1966,Patient
Raeann Wapol,rwapol26@buzzfeed.com,F,923-500-7456,4/24/1965,Patient
Rodina Bradman,rbradman27@prweb.com,F,654-727-4999,12/23/1994,Patient
Hieronymus Greim,hgreim28@baidu.com,M,645-444-7405,10/25/1986,Patient
Chuck Domingues,cdomingues29@phoca.cz,M,949-189-3367,7/1/2000,Patient
Minda Orriss,morriss2a@jugem.jp,F,327-757-2649,4/14/1969,Patient
Emery Borland,eborland2b@hatena.ne.jp,M,457-143-7999,6/4/1973,Patient
Maxim Plitz,mplitz2c@tumblr.com,M,329-644-0784,12/22/1975,Patient
Kamila Goodday,kgoodday2d@omniture.com,F,576-913-7186,9/8/1968,Patient
Querida Broadis,qbroadis2e@japanpost.jp,F,238-607-4265,8/31/1991,Patient
Afton Raatz,araatz2f@tinypic.com,F,551-187-5750,11/22/1983,Patient
Huey Novakovic,hnovakovic2g@pcworld.com,M,180-331-6056,2/8/1965,Patient
Gale Girardey,ggirardey2h@ucoz.com,M,135-329-3031,1/29/1986,Patient
Allen Braunstein,abraunstein2i@imageshack.us,M,942-492-6656,10/21/1969,Patient
Benedick Scarlet,bscarlet2j@newsvine.com,M,291-743-7533,4/5/1980,Patient
Betsy Garrigan,bgarrigan2k@macromedia.com,F,335-472-4833,5/29/1961,Patient
Buddie Vaudin,bvaudin2l@reddit.com,M,497-538-6207,6/20/1980,Patient
Niki Maine,nmaine2m@alexa.com,F,758-556-1701,8/14/1993,Patient
Devina Flageul,dflageul2n@smh.com.au,F,193-464-9673,6/12/1996,Patient
Ragnar Gritland,rgritland2o@fastcompany.com,M,379-998-6906,6/21/1981,Patient
Yolanda Giacobini,ygiacobini2p@google.co.jp,F,205-281-4151,11/20/1994,Patient
Vernice Dobrowolski,vdobrowolski2q@bigcartel.com,F,407-359-0291,8/13/1997,Patient
